GeoName,New_MEFI_Score,MEFI_Score,Govt_Consumption,Govt_Xfers_Subsidies,Govt_Retirement, Income_Payroll_Tax,Sales_Tax,Property_Tax,Minimum_Wage_Over_Income,Percent_Govt_Employment,Percent_Private_Union_Density,Minimum_Wage_Over_10%_Income
"Abilene, TX MSA",7.882337239,7.96625377,8.406780372,9.346443279,5.900476607,10,3.995088814,8.439602925,7.818176609,8.718677072,9.071038251,8.31579
"Akron, OH MSA",6.388281548,6.131943069,7.718514998,9.064843203,0,3.571266295,4.885289398,8.306957643,7.979989483,8.851883436,4.808743169,7.11579
"Albany, GA MSA",6.956152809,7.03344805,6.407737346,9.277564522,4.674289697,4.210385594,6.009245797,8.590048102,6.891913529,7.786295955,9.453551913,8.75789
"Albany, OR MSA",5.578912633,5.490304958,5.391027678,9.353172995,0.87209427,0,9.679871124,7.796857078,5.540688636,7.281765078,3.49726776,4.29474
"Albany-Schenectady-Troy, NY MSA",6.215632209,5.708029869,7.60473844,9.011833006,4.533779086,1.309393521,5.111088001,7.28998332,7.887584303,8.623869148,0,4.56842
"Albuquerque, NM MSA",6.100589903,6.154301596,5.259639479,9.023332032,0.435480961,6.074660495,2.793394857,9.144113528,6.702748776,7.977202159,7.978142077,7.49474
"Alexandria, LA MSA",6.8100762,6.872441585,6.734199646,9.123289798,2.253275053,6.426378757,2.409226862,9.972101299,7.774859183,7.923670989,9.234972678,8.67368
"Allentown-Bethlehem-Easton, PA-NJ MSA",6.626504865,6.394809053,7.088480804,8.298251989,2.937437358,3.80622984,6.342984833,6.89045123,8.890666488,8.49983072,4.798948219,6.88421
"Altoona, PA MSA",7.12663897,6.753290298,7.283326943,8.636296104,3.061662722,3.865845122,6.245039096,8.962632088,8.176556078,9.466287313,5.081967213,8.44211
"Amarillo, TX MSA",7.801282316,7.939000016,8.201623273,9.346550353,5.791255748,10,3.982240666,8.257056894,8.324745889,8.476489071,9.071038251,7.83158
"Ames, IA MSA",6.562652234,6.623879985,5.481041003,8.736489826,4.576831932,3.580751625,5.361692152,7.478677734,7.65886676,8.926361182,7.81420765,7.26316
"Anchorage, AK MSA",6.683906671,6.553053125,5.112953526,8.877861207,0,9.530428646,9.727644326,8.124189606,8.124884518,7.730882418,1.74863388,2.92632
"Ann Arbor, MI MSA",6.995974051,6.661356085,7.994097012,9.095481873,3.39816576,4.706921625,6.202062642,7.584031076,8.426823502,9.429867179,3.114754098,6.12632
"Anniston-Oxford-Jacksonville, AL MSA",6.280783225,6.149303342,4.684356971,6.452286842,4.44467194,5.269138034,3.767900066,9.689572938,6.808016329,6.63215854,7.595628415,8.77895
"Appleton, WI MSA",6.910338092,6.96280989,7.2688262,9.299248491,3.989566757,3.005356753,6.535190829,8.361230039,8.781851094,8.320193713,7.103825137,6.63158
"Asheville, NC MSA",7.037603216,7.279983301,6.966365673,8.423055408,6.030654983,3.555677145,5.377142412,8.728260028,8.104724628,8.552548668,9.781420765,7.6
"Athens-Clarke County, GA MSA",7.244435296,7.361496619,6.343868915,9.277564522,5.340389274,4.210385594,6.518427379,8.756646911,7.457257816,8.895377251,9.453551913,8.4
"Atlanta-Sandy Springs-Roswell, GA MSA",7.595783199,7.790037505,8.772506532,9.277564522,4.922490912,4.210385594,6.579056342,8.744284697,8.969833442,9.180663595,9.453551913,7.70526
"Atlantic City-Hammonton, NJ MSA",5.620432533,5.178263358,6.495366657,9.166865472,2.340703695,3.618965981,7.112205902,0,7.568260744,7.460471718,2.841530055,6.82105
"Auburn-Opelika, AL MSA",6.425244509,6.279729537,5.192974213,6.452286842,4.615702197,4.888313379,4.646560299,8.991292943,7.118864746,7.0159428,7.595628415,8.90526
"Augusta-Richmond County, GA-SC MSA",7.485244136,7.620578411,8.492620999,8.876277054,5.337283029,4.52206502,6.523788273,8.797271779,7.68994302,8.64373752,9.702219007,8.48421
"Austin-Round Rock, TX MSA",7.729349432,8.016774735,8.260225791,9.346550353,5.290447259,10,4.366101908,7.068761488,9.500080003,9.247767563,9.071038251,6.48421
"Bakersfield, CA MSA",4.345465987,4.201714988,0,7.014628664,0,0.752799123,6.586907492,8.073422471,4.525147549,7.693130689,3.169398907,4.46316
"Baltimore-Columbia-Towson, MD MSA",6.723091507,6.67428826,7.845094678,8.6215048,4.632904865,0.37490983,6.719502493,8.383869647,8.743468857,8.954989446,5.792349727,6.23158
"Bangor, ME MSA",6.532697824,6.418001247,6.869634999,9.269300358,4.984256784,3.772287756,5.433539334,7.25731769,6.09956399,8.666274245,5.409836066,6.44211
"Barnstable Town, MA MSA",6.279946542,6.551317136,7.717506549,9.455295989,3.786433975,1.702135226,7.782731517,6.31314181,8.329364943,9.011856235,4.863387978,2.42105
"Baton Rouge, LA MSA",6.794924571,6.892377676,7.100971316,9.123280003,2.01264842,6.426378757,1.421773489,9.37927325,8.466123856,8.865977314,9.234972678,8.35789
"Battle Creek, MI MSA",6.372133021,5.990731429,5.91049083,9.095481873,3.780427245,3.885924707,6.221903821,7.623460785,5.830990317,8.453149189,3.114754098,6.54737
"Bay City, MI MSA",6.053451346,5.620587766,5.411346622,9.095481873,1.582514353,4.706921625,6.272070612,7.690906104,6.196564126,6.514730478,3.114754098,7.01053
"Beaumont-Port Arthur, TX MSA",7.727137577,7.839124283,8.136950347,9.346550353,5.909199137,10,4.250439987,7.429345526,7.983002052,8.425592897,9.071038251,8.06316
"Beckley, WV MSA",5.831950146,5.673703893,5.812518873,6.980263254,2.591581759,3.853863166,4.592752272,8.709003199,5.691637313,7.203299898,5.628415301,7.05263
"Bellingham, WA MSA",6.43370083,6.369341388,8.067406752,9.1059442,4.815078339,10,1.62003047,7.86722408,5.477765227,8.949858398,1.420765027,2
"Bend-Redmond, OR MSA",6.048039625,5.966449493,6.527969728,9.353172995,0.87209427,0,9.591767648,7.451895225,7.478289799,8.925588014,3.49726776,4.23158
"Billings, MT MSA",7.128323754,7.001036501,7.288169571,9.607476344,2.993602027,3.926645343,9.352094706,7.79101501,8.289134847,8.569933834,5.191256831,6.33684
"Binghamton, NY MSA",5.32893643,4.676304851,5.665178474,6.614383581,4.533779086,1.309393521,4.74131547,6.612179905,6.005363342,6.605150278,0,5.87368
"Birmingham-Hoover, AL MSA",6.784354259,6.755798352,7.651728581,6.452286842,3.572845009,4.880882998,4.229260484,9.233810118,8.725345063,8.460397657,7.595628415,7.85263
"Bismarck, ND MSA",6.973945235,7.562230155,7.038413774,9.133090682,4.591465101,7.849652094,4.707864479,8.100068661,9.274415348,8.512642239,8.852459016,3.55789
"Blacksburg-Christiansburg-Radford, VA MSA",7.407343356,7.51136662,7.553948755,8.869480181,7.087174955,3.249265533,7.775308597,8.545507731,6.916825181,8.47910559,9.12568306,8.18947
"Bloomington, IL MSA",6.741929507,6.373565975,8.70214497,9.386713972,2.286817275,4.709475865,5.337324573,6.910906583,7.816846324,8.769241265,3.442622951,6.75789
"Bloomington, IN MSA",7.468187622,7.311130133,7.216425344,8.557002145,7.499465155,5.090123848,5.007165981,8.689454745,7.636762108,9.32781559,6.775956284,8.18947
"Bloomsburg-Berwick, PA MSA",6.941157612,6.73155163,7.871541964,8.636296104,3.633713466,3.309826553,6.261052236,8.282812416,8.157367706,9.34938701,5.081967213,6.96842
"Boise City-Nampa, ID MSA",7.460858581,7.604200542,8.834561434,9.450873589,5.188567416,4.078989746,5.932718207,8.705349086,8.181331354,9.049020606,9.016393443,7.72632
"Boston-Cambridge-Quincy, MA-NH MSA",6.639787993,7.025328654,8.253123392,9.434372297,4.38360811,2.285142082,8.095858406,7.482330008,8.911132052,9.45989401,4.922497532,1.45263
"Boulder, CO MSA",7.032972468,7.267555282,8.647590092,9.291771386,4.153916169,4.625387801,5.920057048,7.904608049,9.252450544,9.164129021,6.448087432,4.33684
"Bowling Green, KY MSA",6.252078445,6.046447793,6.490243899,8.008178088,1.85699581,1.346117429,5.556314049,9.333013849,6.87022446,8.61814474,6.338797814,8.18947
"Bremerton-Silverdale, WA MSA",6.606339066,6.553675531,7.898532625,9.1059442,4.838062836,10,2.191173333,8.278848562,6.550671225,8.699081971,1.420765027,1.89474
"Bridgeport-Stamford-Norwalk, CT MSA",6.853188639,6.732982843,10,9.543743148,3.233015173,2.045072318,6.658381611,7.763225221,10,9.003681335,2.349726776,3.43158
"Brownsville-Harlingen, TX MSA",7.122448186,7.098762378,5.366559489,9.346550353,6.113188549,10,4.363490811,7.911919253,4.857931087,6.858183609,9.071038251,9.28421
"Brunswick, GA MSA",7.015944689,7.083883205,5.400391506,9.277564522,5.365910629,4.210385594,5.746850016,8.41530461,7.538620041,8.346370016,9.453551913,8.84211
"Buffalo-Cheektowaga-Niagara Falls, NY MSA",5.983809747,5.354569981,6.56168613,8.488855996,4.533779086,1.309393521,4.341799484,7.645349366,6.897453165,8.412813085,0,5.66316
"Burlington, NC MSA",7.23659542,7.373712347,8.086473858,8.613554253,6.030654983,3.555677145,5.869301283,8.782160773,7.329951049,8.31421701,9.781420765,8.54737
"Burlington-South Burlington, VT MSA",6.011487431,6.323416616,5.009271708,8.159743176,6.029687161,4.002974069,5.54350238,6.483803581,7.624400996,8.428951177,5.628415301,2.82105
"California-Lexington Park, MD MSA",6.967987739,6.965968118,8.576847504,8.6215048,6.377507565,0.368066137,6.670218732,8.980147536,8.312504361,8.994566705,5.792349727,5.81053
"Canton-Massillon, OH MSA",6.573112517,6.279347138,8.275585158,9.07280935,0,4.884199133,5.014240072,8.772478755,7.328708901,8.357359706,4.808743169,7.45263
"Cape Coral-Fort Myers, FL MSA",7.776537674,7.943821092,7.117005358,9.608384615,7.146706886,9.470305475,5.124451947,8.053689531,8.329504271,8.065106775,8.579234973,7.07368
"Cape Girardeau, MO-IL MSA",7.364236647,7.211810876,8.596053826,9.418308012,4.579126898,4.708474242,5.701546755,9.133927924,7.447590442,8.608891194,6.712378592,8.08421
"Carbondale-Marion, IL MSA",6.779001245,6.370871632,8.504214093,9.386713972,2.36519008,4.709475865,5.858018553,8.092629153,6.596002077,8.382977941,3.442622951,7.11579
"Carson City, NV MSA",7.743518166,7.596673824,10,8.960035938,4.225186318,10,2.73208693,9.871384065,7.924309878,9.957607732,4.699453552,6.02105
"Casper, WY MSA",6.611406098,6.780836961,3.89895594,9.323579167,3.989566757,3.005356753,6.212246934,9.364662427,9.916813126,8.212526406,7.103825137,5.57895
"Cedar Rapids, IA MSA",6.734807409,6.84983633,7.24910787,8.736489826,4.576831932,3.581123879,5.238201952,7.548976169,8.89498826,8.00859943,7.81420765,6.77895
"Chambersburg-Waynesboro, PA MSA",7.099270748,6.86159459,8.088371022,8.636296104,3.598335759,3.839026581,6.284932693,8.400025549,8.214600584,9.610795808,5.081967213,7.22105
"Champaign--Urbana, IL MSA",6.782258776,6.411556063,8.598772114,9.386713972,2.376577761,4.709475865,5.906520115,7.309881444,7.417051105,8.556389239,3.442622951,6.77895
"Charleston, WV MSA",5.919438357,5.784583917,5.562601578,6.980263254,2.637306711,3.853863166,4.457958942,8.256471428,6.954588499,7.729786371,5.628415301,6.84211
"Charleston-North Charleston, SC MSA",7.289885475,7.505090154,8.034652976,8.042998774,4.670980764,5.169271117,6.21442905,7.731114623,8.767463795,8.914900282,10,8.06316
"Charlotte-Concord-Gastonia, NC-SC MSA",7.041293112,7.281839565,6.432164986,8.477313175,5.728652013,3.805593276,5.762260342,8.584030121,8.912864553,7.984549021,9.849128599,7.68421
"Charlottesville, VA MSA",7.761250168,8.071121385,8.864869318,9.238413782,6.68547226,3.249265533,7.995428606,8.688928072,9.775204387,9.016827447,9.12568306,6.33684
"Chattanooga, TN-GA MSA",7.439364488,7.523485834,5.610856452,8.841168666,6.226039905,7.341914247,5.188326798,8.816597701,8.208970534,8.69935346,8.778144745,8.02105
"Cheyenne, WY MSA",5.925247426,6.043216301,0,9.323579167,3.989566757,3.005356753,5.95514458,9.201473216,8.835232068,6.97476903,7.103825137,6.04211
"Chicago-Naperville-Elgin, IL-IN-WI MSA",6.306980142,6.03390081,8.148688688,9.324520237,0,4.704716371,4.935246858,6.828234927,7.650218075,8.960669802,3.752812334,6.21053
"Chico, CA MSA",5.522802689,5.383730053,5.986434396,6.993545486,2.89933626,0.752799123,6.553523602,8.791880238,5.517884763,7.788767703,3.169398907,4.42105
"Cincinnati-Middleton, OH-KY-IN MSA",6.549410376,6.348104514,7.980271535,8.840527133,0,3.930474746,5.050850629,8.56057901,8.617395869,8.975120774,5.177720931,6.98947
"Clarksville, TN-KY MSA",7.481891753,7.40886688,7.394480262,8.476665658,6.024350364,6.749102941,4.34797703,9.252240739,7.624676234,8.941216756,7.869091932,8.52632
"Cleveland, TN MSA",7.891662438,7.905505789,7.518573195,8.677341312,7.802476513,8.517521311,4.6834288,9.367293743,7.110919369,8.947407697,8.524590164,8.4
"Cleveland-Elyria, OH MSA",6.153415405,5.92046874,6.831779717,9.072494286,0,3.608027073,4.402126086,7.822654211,8.442821394,8.29557272,4.808743169,6.90526
"Coeur d'Alene, ID MSA",6.863252336,7.008933479,5.938607641,9.450873589,5.179787737,4.078989746,5.994443311,8.596375372,8.088437109,6.736493363,9.016393443,7.70526
"College Station-Bryan, TX MSA",7.643581337,7.715801962,7.051240491,9.346550353,6.202669868,10,4.177398428,7.158677297,7.345446218,9.089196748,9.071038251,8.42105
"Colorado Springs, CO MSA",7.659877939,7.695630344,10,9.291771386,4.389350346,4.625387801,8.372232367,10,6.977576086,9.156267677,6.448087432,6.12632
"Columbia, MO MSA",7.029114746,6.939395001,4.982070507,9.42050635,4.256339869,4.708404549,5.715694695,9.122186769,8.081708609,9.227752949,6.93989071,7.74737
"Columbia, SC MSA",7.040837741,7.253703238,6.342611579,8.042998774,4.670980764,5.169271117,7.156260749,7.580192294,8.157438864,8.163575002,10,8.08421
"Columbus, GA-AL MSA",7.347125699,7.378605663,8.144835072,8.746579618,4.88028099,4.410081231,6.310267428,8.891135036,7.58207844,8.337820842,9.104372312,8.82105
"Columbus, IN MSA",7.043197772,7.070935604,4.430787861,8.556716223,7.44865154,5.126978423,5.122495013,9.32252316,8.663194667,8.191117269,6.775956284,6.52632
"Columbus, OH MSA",6.216173339,6.01363603,7.116960987,9.037184621,0,3.218008051,4.50244784,8.042475243,8.202079403,9.194824957,4.808743169,6.63158
"Corpus Christi, TX MSA",7.629801572,7.72541401,7.558830953,9.346550353,5.954134734,10,4.043240799,7.221017538,8.039539017,8.294374442,9.071038251,8.21053
"Corvallis, OR MSA",6.053625142,5.981391735,7.48925269,9.353172995,0.87209427,0,9.732104236,7.824717947,6.105859552,8.958056167,3.49726776,4.14737
"Crestview-Fort Walton Beach-Destin, FL MSA",8.153389188,8.301959155,8.942426893,9.608384615,7.39454233,9.470305475,4.54117677,8.439924291,8.32536492,9.416272131,8.579234973,7.24211
"Cumberland, MD-WV MSA",6.44508432,6.318743606,6.445736917,8.168925358,5.542202312,2.003151835,6.325351332,8.868466569,5.991206434,7.776507598,5.747144101,6.88421
"Dallas-Fort Worth-Arlington, TX MSA",7.891691859,8.092567454,8.559602406,9.345664564,5.522735214,10,4.240488856,7.625864421,9.281466042,9.186247335,9.071038251,7.26316
"Dalton, GA MSA",7.080129594,7.218243549,6.446236208,9.277564522,5.415963671,4.210385594,5.876676476,9.059453487,6.68384244,8.540517628,9.453551913,8.21053
"Danville, IL MSA",6.554325638,6.162570293,7.707245393,9.386713972,2.062314341,4.709475865,6.450475777,8.164378824,6.219108624,7.320796892,3.442622951,6.96842
"Daphne-Fairhope-Foley, AL MSA",6.880625569,6.763180773,6.74554161,6.452286842,4.615702197,5.272931105,4.566549993,9.607190948,8.354084015,7.658711829,7.595628415,8.65263
"Davenport-Moline-Rock Island, IA-IL MSA",6.779390555,6.58859202,7.854390524,9.092652608,3.176002629,4.289356609,5.737514249,7.46351311,8.194874021,8.069369144,5.419655285,7.13684
"Dayton, OH MSA",6.264225658,6.014904724,7.287097167,9.07280935,0,3.999801506,4.717005314,8.037938052,7.752509928,8.458238027,4.808743169,7.05263
"Decatur, AL MSA",6.62504358,6.507598785,5.963469779,6.452286842,4.615702197,5.272931105,4.389377583,9.339274419,7.096763819,7.842954902,7.595628415,8.65263
"Decatur, IL MSA",6.782231083,6.390475738,8.096937044,9.386713972,1.809951892,4.709475865,5.94013275,7.89787303,7.564774953,8.665799184,3.442622951,6.96842
"Deltona-Daytona Beach-Ormond Beach, FL MSA",7.799789671,7.915611101,7.76706122,9.608384615,6.855411822,9.470305475,4.578701868,8.190471185,7.172838356,9.018090397,8.579234973,7.53684
"Denver-Aurora-Lakewood, CO MSA",7.515614689,7.647273527,10,9.238053212,4.163877358,4.625387801,6.997919833,9.744526102,8.550986445,9.056623557,6.448087432,5.26316
"Des Moines-West Des Moines, IA MSA",6.792585685,6.987146769,7.327472474,8.736467789,4.540880548,3.743224791,5.679528817,7.300836143,9.166123059,8.57557965,7.81420765,6.06316
"Detroit-Warren-Dearborn, MI MSA",6.79553518,6.41647277,7.426997085,9.095481873,2.417225092,4.362745086,6.093641875,8.179645347,7.769300941,9.288463533,3.114754098,6.52632
"Dothan, AL MSA",6.386366029,6.245529421,3.915162401,6.452286842,4.615702197,5.272931105,4.294795229,9.982066516,7.549363415,6.531828665,7.595628415,8.86316
"Dover, DE MSA",6.548082584,6.434728159,4.655544795,7.660745512,5.22493438,3.319863891,9.387637078,6.888979879,6.862366342,8.174776639,5.737704918,6.75789
"Dubuque, IA MSA",6.953533398,6.996047698,7.791045481,8.736489826,4.576831932,3.71599151,5.283429027,7.653109742,8.522279542,8.871044573,7.81420765,7.43158
"Duluth, MN-WI MSA",5.765295849,5.555191177,5.700645681,8.354178191,4.248433924,1.229707584,4.984521244,7.605714254,6.552192023,7.401743426,3.919584265,5.81053
"Durham-Chapel Hill, NC MSA",7.356156595,7.734209195,8.720975045,8.717574125,6.030654983,3.555677145,5.866606907,8.623707918,9.091775122,9.219490744,9.781420765,6.37895
"East Stroudsburg, PA MSA",6.53285281,6.189913495,6.543521722,8.636296104,3.821311207,4.083450581,6.292834186,4.984997276,7.774601933,8.490241229,5.081967213,8.16842
"Eau Claire, WI MSA",6.950145106,6.909049654,7.493823785,9.314906814,3.989566757,3.005356753,6.183751866,7.990386255,8.305523663,8.794305853,7.103825137,7.47368
"El Centro, CA MSA",4.000967136,3.819789236,0,5.563991847,0.778022742,0.752799123,6.252739387,8.810014272,4.183872291,4.86726456,3.169398907,4.8
"Elizabethtown-Fort Knox, KY MSA",6.180997105,6.00577581,5.131289653,8.008178088,1.90678842,3.070673583,5.350381223,9.524864226,7.729298308,6.991710971,6.338797814,7.91579
"Elkhart-Goshen, IN MSA",7.384213828,7.489144644,7.843258385,8.557002145,7.467920438,4.828853765,5.122805708,9.120941899,8.359630935,9.325932233,6.775956284,5.83158
"Elmira, NY MSA",5.862052794,5.209421215,6.282705273,9.122153127,4.533779086,1.309393521,4.749743556,7.658303416,5.941105375,7.287607583,0,5.87368
"El Paso, TX MSA",7.23966472,7.244049087,6.341646878,9.346550353,4.526795974,10,4.069112026,7.732808194,6.658389211,7.450100899,9.071038251,9.03158
"Enid, OK MSA",7.506764209,7.546785939,8.512393038,8.97726545,5.159499006,5.719633519,4.917071082,9.561229487,8.077435052,8.362667033,8.633879781,8.27368
"Erie, PA MSA",6.855553518,6.493900752,6.364737533,8.636296104,2.854952561,4.002446452,6.227531814,8.050951631,7.92938687,9.296836592,5.081967213,8.33684
"Eugene, OR MSA",5.713365594,5.624757918,5.076276499,9.353172995,0.788334712,0,9.695433143,7.852669202,6.077865371,8.281801585,3.49726776,4.29474
"Evansville, IN-KY MSA",7.355961235,7.269004301,7.721638312,8.451177517,6.21970012,4.819420957,5.01048507,9.157273842,8.36414368,8.965074777,6.71212443,7.49474
"Fairbanks, AK MSA",6.675871684,6.633907028,5.473596728,8.877861207,0,9.530428646,9.807095512,8.437602797,7.58191786,8.24802662,1.74863388,2.12632
"Fargo, ND-MN MSA",6.901942456,7.150822793,6.975698181,9.079989491,4.555016442,6.01871204,4.359977915,8.616234126,8.553108785,8.800850383,7.397817776,5.15789
"Farmington, NM MSA",5.45003868,5.433574934,0,9.023332032,0.435480961,6.074660495,3.700318204,9.163478232,6.247026283,6.279736119,7.978142077,8.12632
"Fayetteville, NC MSA",7.045844006,7.187639296,7.779954962,9.173223752,6.010419473,3.555677145,5.725318999,8.957250257,6.846938171,6.858550137,9.781420765,8.50526
"Fayetteville-Springdale-Rogers, AR-MO MSA",7.135467965,7.321779711,7.850145515,8.928998329,5.125554579,4.297779692,3.672669777,9.674119454,9.120099698,8.455107799,8.771542556,7.09474
"Flagstaff, AZ MSA",6.905044061,7.365965033,7.980432515,9.008138735,5.690658471,6.565990702,3.195888365,8.891314897,6.286240563,9.221469139,9.453551913,5.30526
"Flint, MI MSA",6.397690696,5.981201385,5.170855814,9.095481873,3.535316359,4.484034878,6.247808706,8.478742667,5.998006943,7.705811129,3.114754098,6.86316
"Florence, SC MSA",7.276355798,7.405010769,7.651013675,8.042998774,4.670980764,5.169271117,6.595216799,8.716171074,7.369223926,8.430220793,10,8.84211
"Florence-Muscle Shoals, AL MSA",6.549117111,6.422315589,5.25888005,6.452286842,4.141858387,5.272931105,4.666406531,9.669268505,6.91005077,7.8335297,7.595628415,8.73684
"Fond du Lac, WI MSA",6.770429587,6.790152848,7.178523579,9.323579167,3.989566757,3.005356753,6.255485642,7.830206661,8.436872956,7.987958976,7.103825137,6.92632
"Fort Collins-Loveland, CO MSA",7.674441365,7.740603126,10,9.291771386,4.38990081,4.625387801,8.390232041,10,7.6161501,8.903898569,6.448087432,5.85263
"Fort Smith, AR-OK MSA",6.653091493,6.782059074,6.598489802,8.929919826,5.198047707,4.745435916,3.341281103,9.505588665,6.065856683,7.872151106,8.781760854,7.62105
"Fort Wayne, IN MSA",7.501250345,7.402672388,8.129945746,8.556982364,7.438734728,4.078290657,5.071344038,9.101658685,8.18492229,9.286216696,6.775956284,7.66316
"Fresno, CA MSA",5.202385496,5.060973679,3.94227742,9.422573578,0,0.752799123,6.12722365,8.780754499,5.255452095,8.098283839,3.169398907,4.44211
"Gadsden, AL MSA",6.730604385,6.568715144,7.030842773,6.452286842,4.615702197,4.315262902,4.973728303,9.757206465,6.821153102,7.556625301,7.595628415,9.05263
"Gainesville, FL MSA",7.754130196,7.867612444,7.142073822,9.608384615,6.075017409,9.470305475,4.839172971,8.514621978,7.197898087,9.381802668,8.579234973,7.55789
"Gainesville, GA MSA",7.516284489,7.680129438,8.776480207,9.277564522,5.5493224,4.210385594,6.015163171,8.942260542,8.008841673,8.887594921,9.453551913,7.97895
"Gettysburg, PA MSA",6.817563388,6.521407698,6.962028894,8.636296104,4.022419016,3.444962535,6.174068781,7.873330792,8.528308032,7.969287918,5.081967213,7.74737
"Glens Falls, NY MSA",5.594964823,5.019526226,6.210225785,9.18882389,4.533779086,1.309393521,4.767657241,5.760447461,6.459128758,6.946280296,0,5.17895
"Goldsboro, NC MSA",7.09205738,7.268940389,7.872188902,8.535730729,6.030654983,3.555677145,5.757060562,9.355720257,7.117113047,7.414897109,9.781420765,8.18947
"Grand Forks, ND-MN MSA",6.689542389,6.823401822,6.151065297,9.070635507,4.33982827,5.69618475,4.743759675,8.31593554,8.109217448,7.842412905,7.141577002,5.93684
"Grand Island, NE MSA",6.668526308,6.775246661,4.241747587,9.474406319,8.115975189,4.16384872,5.910162766,7.026259696,6.793076543,8.038628374,7.213114754,6.25263
"Grand Junction, CO MSA",7.56220599,7.590940851,10,9.291771386,4.38990081,4.625387801,8.45957235,10,6.277203634,8.82654425,6.448087432,6.18947
"Grand Rapids-Wyoming, MI MSA",6.918956917,6.56328632,7.444748962,9.095481873,3.774136115,4.234365727,6.232746438,8.352130842,7.486042981,9.335169841,3.114754098,6.31579
"Grants Pass, OR MSA",5.893996009,5.76328307,6.365973047,9.353172995,0.87209427,0,9.806525767,8.692921691,5.171856152,8.109735948,3.49726776,4.67368
"Great Falls, MT MSA",7.120665452,6.909167673,7.424152993,9.607476344,2.996606057,3.926645343,9.367339603,7.899469864,7.712111551,8.057450474,5.191256831,7.09474
"Greeley, CO MSA",7.515693405,7.584194348,10,9.27733348,4.388803482,4.625387801,8.433918458,10,6.646368984,8.437849497,6.448087432,5.83158
"Green Bay, WI MSA",6.979388276,6.975719724,7.344867537,9.323579167,3.989566757,3.005356753,6.55553901,8.070364007,8.753502887,8.634876266,7.103825137,7.13684
"Greensboro-High Point, NC MSA",7.251361615,7.432922986,7.918448793,8.54877771,6.030654983,3.555677145,5.751343409,8.64082027,7.820371801,8.848792001,9.781420765,8.14737
"Greenville, NC MSA",6.388333871,6.551181792,0,9.189010528,6.030654983,3.555677145,5.743719631,9.167125599,7.479328996,8.013698481,9.781420765,8.31579
"Greenville-Anderson-Mauldin, SC MSA",7.110869919,7.326074597,5.667252242,8.042998774,4.640101719,5.169271117,7.445433755,8.650550507,8.016323091,8.302740169,10,8.06316
"Gulfport-Biloxi-Pascagoula, MS MSA",5.919987525,5.948760733,3.410068797,8.920734945,1.887907157,5.44350175,3.32317246,7.644452044,6.948690431,7.217149616,8.743169399,8.48421
"Hagerstown-Martinsburg, MD-WV MSA",6.404366834,6.305562038,6.860823752,7.910016583,4.832160487,2.085147714,5.88322821,8.847141197,6.771173426,7.839083819,5.721283153,6.61053
"Hammond, LA MSA",6.184856796,6.202777737,4.476431291,9.123289798,2.779137262,6.426378757,0,10,7.128169103,6.656620745,9.234972678,9.07368
"Hanford-Corcoran, CA MSA",5.315540541,5.206877262,5.474205108,6.903349258,2.89933626,0.752799123,6.877993908,9.02209985,4.152219043,7.6104939,3.169398907,4.14737
"Harrisburg-Carlisle, PA MSA",6.799574327,6.615699339,6.868647253,8.636296104,3.527554016,3.263892994,6.153619638,7.524119053,8.867854442,9.617343337,5.081967213,6.73684
"Harrisonburg, VA MSA",7.443712464,7.603876079,7.351211482,9.344325324,7.087174955,3.249265533,7.459993978,8.674259866,7.291664058,8.851306451,9.12568306,7.68421
"Hartford-West Hartford-East Hartford, CT MSA",6.342085825,6.228897572,9.410448517,9.543446504,2.569897866,2.045072318,6.658381611,6.629858965,8.086387938,8.766857653,2.349726776,3.36842
"Hattiesburg, MS MSA",5.932768587,5.907740625,2.946365314,8.920734945,1.887907157,5.44350175,3.388687428,8.237904382,7.239108828,6.362286422,8.743169399,8.96842
"Hickory-Lenoir-Morganton, NC MSA",6.954534677,7.164166224,7.074454576,8.320011216,6.030654983,3.555677145,5.736487341,8.983313999,7.281654075,7.713821917,9.781420765,7.89474
"Hilton Head Island-Bluffton-Beaufort, SC MSA",7.438030085,7.6111295,8.533867877,8.042998774,4.670980764,5.169271117,7.259871701,7.294318642,8.937669821,8.591186804,10,8.44211
"Hinesville, GA MSA",7.291479106,7.392166161,7.346333433,9.277564522,5.906362054,4.210385594,6.799326037,9.105833034,6.196584121,8.233554739,9.453551913,8.54737
"Homosassa Springs, FL MSA",8.099092295,8.212574544,9.238449907,9.608384615,7.676244594,9.470305475,5.329515198,8.552952474,6.328948302,9.129135355,8.579234973,7.55789
"Hot Springs, AR MSA",6.612254909,6.744399478,6.685875776,8.907285093,5.250804443,4.279696931,2.358150209,9.56198641,6.348698557,8.454638868,8.852459016,7.66316
"Houma-Thibodaux, LA MSA",6.52613312,6.63294295,4.980076573,9.123289798,2.773044303,6.426378757,2.695460664,8.965318958,7.904934524,7.593010291,9.234972678,8.27368
"Houston-The Woodlands-Sugar Land, TX MSA",7.891201394,8.089737808,8.786746562,9.346550353,5.441187757,10,4.487343046,7.393795801,9.307132157,8.973846345,9.071038251,7.28421
"Huntington-Ashland, WV-KY-OH MSA",6.028670861,5.864151413,6.169937527,7.574666088,1.81502943,4.005922752,4.856698655,8.892254905,6.368550458,7.438135826,5.656167079,7.13684
"Huntsville, AL MSA",6.601980567,6.540676122,4.076084836,6.452286842,4.615702197,5.272931105,4.690509223,9.758041264,8.657443124,7.747458091,7.595628415,8.14737
"Idaho Falls, ID MSA",7.512783074,7.576592872,8.518069429,9.450873589,5.188567416,4.078989746,6.008290705,9.231412916,8.12946298,8.567275625,9.016393443,8.44211
"Indianapolis-Carmel-Anderson, IN MSA",7.471507702,7.412695827,6.93117379,8.556995031,7.444049312,4.463420006,5.068225182,9.442744778,9.091935509,8.93976255,6.775956284,7.30526
"Iowa City, IA MSA",7.05048073,7.167848832,8.311866524,8.730805911,4.576831932,3.484627744,5.794709061,7.524501157,9.004340102,9.268749404,7.81420765,6.75789
"Ithaca, NY MSA",5.679892829,5.181647215,6.129181999,9.071518826,4.533779086,1.309393521,5.061578784,5.838000839,6.116886147,8.574485728,0,4.48421
"Jackson, MI MSA",6.470163026,6.06303044,6.383803648,9.095481873,3.182673781,4.365028066,6.27219646,8.193194724,5.720045708,8.240095606,3.114754098,6.77895
"Jackson, MS MSA",6.672534648,6.729378032,6.884146513,8.920734945,1.887907157,5.44350175,3.571637102,8.475942935,8.029883885,8.607478601,8.743169399,8.23158
"Jackson, TN MSA",6.596313486,6.607817657,0,8.677341312,6.764854636,8.517521311,4.021962926,9.051092681,7.497544375,6.415451504,8.524590164,8.42105
"Jacksonville, FL MSA",7.964928005,8.155603236,8.374003476,9.608384615,5.796621179,9.470305475,4.642682697,8.804884514,8.124312193,10,8.579234973,6.86316
"Jacksonville, NC MSA",7.529634048,7.622306531,8.628066572,9.095464091,6.026509752,3.555677145,5.681718607,9.398679169,7.41288704,9.020335635,9.781420765,8.94737
"Janesville-Beloit, WI MSA",6.676387519,6.595525984,6.623487879,9.288001031,3.989566757,3.005356753,6.256525765,7.586370731,7.8957938,7.610806003,7.103825137,7.83158
"Jefferson City, MO MSA",7.465165672,7.41755119,8.707183389,9.42050635,4.655693805,4.707356592,6.200226461,9.198530825,7.463372148,9.465200425,6.93989071,7.36842
"Johnson City, TN MSA",7.868315036,7.84940985,7.233282099,8.677341312,7.802476513,8.517521311,4.752831436,9.134500687,7.358434824,8.643710302,8.524590164,8.69474
"Johnstown, PA MSA",6.813420122,6.433053906,6.637903019,8.636296104,2.66657524,4.129950598,6.210799144,8.530222999,7.669712549,8.334058288,5.081967213,8.50526
"Jonesboro, AR MSA",6.410435463,6.558954301,5.634033445,8.907285093,5.152021088,4.279696931,3.257340348,9.242417534,5.609966021,8.095369231,8.852459016,7.51579
"Joplin, MO MSA",7.240189963,7.127078404,8.139735793,9.42050635,4.471271174,4.708371393,5.731581838,9.443050041,6.942707365,8.346590974,6.93989071,7.95789
"Kahului-Wailuku-Lahaina, HI MSA",5.394847738,4.898941305,6.384614962,7.608032546,3.694324035,3.036860295,0.653544892,7.266218902,6.965809026,8.48106709,0,4.46316
"Kalamazoo-Portage, MI MSA",6.776185155,6.378409294,7.278028901,9.095481873,3.686201876,4.706921625,6.239483847,7.77943115,6.988703866,8.516676412,3.114754098,6.69474
"Kankakee, IL MSA",6.622736153,6.245015896,8.092115354,9.386713972,2.253495293,4.709475865,6.559299202,7.29421011,6.640325832,7.826884483,3.442622951,6.84211
"Kansas City, MO-KS MSA",7.056098308,7.089413034,7.267180549,9.550981814,4.189762052,4.542685741,5.069445549,8.653996296,8.865554813,8.544225331,7.120885162,6.82105
"Kennewick-Richland-Pasco, WA MSA",5.88073883,5.802344301,4.36387788,9.1059442,4.828967986,10,1.256770336,8.455961541,4.912329439,7.876482298,1.420765027,2.12632
"Killeen-Temple, TX MSA",7.872188399,7.970140018,8.353711957,9.346550353,6.084586458,10,4.618330914,8.913503813,7.844609997,7.498928414,9.071038251,8.18947
"Kingsport-Bristol-Bristol, TN-VA MSA",7.639455948,7.682900962,7.397994633,8.879518792,7.585652925,6.920597459,5.217480021,8.877716705,7.283072671,8.277280849,8.706794602,8.31579
"Kingston, NY MSA",5.627455181,5.056694947,6.314247364,8.772295928,4.533779086,1.309393521,5.334791069,4.751883208,6.951495967,7.542368381,0,5.13684
"Knoxville, TN MSA",7.762720117,7.802294462,7.122230168,8.676446541,7.017524234,8.517521311,4.097472178,8.978899332,8.149223569,9.136742665,8.524590164,8.16842
"Kokomo, IN MSA",7.421747871,7.26001202,7.560332874,8.556081167,7.502633123,5.129772584,5.125982412,8.55466764,7.583293684,8.551388411,6.775956284,8.23158
"La Crosse-Onalaska, WI-MN MSA",6.608377245,6.524156195,6.070298343,8.889799237,4.033379775,2.718482754,6.028700028,7.549208921,8.41732121,8.420836519,6.589378968,7.34737
"Lafayette, LA MSA",6.877424235,6.951485527,6.843178981,9.121921502,2.779137262,6.426378757,2.206643242,9.595929095,7.934998902,8.420209323,9.234972678,8.56842
"Lafayette-West Lafayette, IN MSA",7.420079974,7.298110204,8.155046843,8.556038535,6.977059868,5.122691773,5.023490437,8.769647586,7.167530385,9.135530128,6.775956284,7.87368
"Lake Charles, LA MSA",6.508771824,6.59218984,6.359561563,9.123289798,2.779137262,6.426378757,0,8.876153261,8.48928239,8.040932854,9.234972678,8.48421
"Lake Havasu City-Kingman, AZ MSA",6.504218556,6.965139529,7.683279166,9.008138735,5.692859066,6.565990702,4.547044478,8.511136183,2.975482146,8.248773369,9.453551913,5.30526
"Lakeland-Winter Haven, FL MSA",7.57249563,7.723404779,7.520621666,9.608384615,6.567389484,9.470305475,4.210732813,9.037947601,5.910939398,8.605086989,8.579234973,7.22105
"Lancaster, PA MSA",7.096710278,6.870730027,7.637360763,8.636296104,3.670661225,4.039118925,6.242528581,7.920780162,8.887597183,9.720260088,5.081967213,7.11579
"Lansing-East Lansing, MI MSA",6.443194793,6.047758114,5.951884,9.095481873,3.542950554,4.284269135,6.239510484,7.599389741,6.172569937,8.429013201,3.114754098,6.67368
"Laredo, TX MSA",6.983385471,6.978413113,5.452375569,9.346550353,5.808713089,10,3.922148438,6.47990488,5.692311625,7.032675816,9.071038251,9.11579
"Las Cruces, NM MSA",5.8280625,5.776511034,4.598487886,9.023332032,0.435480961,6.074660495,1.866680371,9.500171017,5.657684271,6.853960201,7.978142077,8.44211
"Las Vegas-Henderson-Paradise, NV MSA",7.250402474,6.932797898,8.408191709,8.960035938,4.225186318,10,0.503032549,8.24436863,7.593825727,9.761086661,4.699453552,7.55789
"Lawrence, KS MSA",7.089621719,6.978299698,5.858960933,9.736174832,6.105301279,5.676012562,4.233711456,7.990357703,7.905063957,7.922065376,7.37704918,8.37895
"Lawton, OK MSA",7.144864917,7.156816472,5.990685079,8.97726545,5.034380187,5.719633519,5.637246269,9.880732241,7.632332403,6.905193319,8.633879781,8.52632
"Lebanon, PA MSA",6.909129381,6.634026323,7.83072872,8.636296104,2.434624113,3.927894956,6.298413339,7.981222829,8.419154258,9.095935375,5.081967213,7.55789
"Lewiston, ID-WA MSA",7.04192907,6.99079518,7.828246012,9.312437598,4.869988869,6.198297292,4.86141286,8.280242332,6.933225878,8.335616057,6.297689721,6.75789
"Lewiston-Auburn, ME MSA",6.314355791,6.232407751,6.435181454,9.269297403,4.984256784,3.772287756,5.44001599,6.511817679,5.999548605,8.269428027,5.409836066,6.14737
"Lexington-Fayette, KY MSA",6.238205894,6.06532378,7.15262442,8.008178088,0.881575042,0.561771332,5.196490385,8.945732488,8.482357427,9.020387026,6.338797814,7.89474
"Lima, OH MSA",6.440599843,6.153852008,7.306325788,9.07280935,0,5.095159616,4.814204659,8.709596207,6.940538434,8.637290851,4.808743169,7.38947
"Lincoln, NE MSA",7.21925643,7.328315964,7.409313121,9.474406319,7.856186708,4.16384872,6.179316943,7.844428294,7.308130186,8.506098634,7.213114754,6.23158
"Little Rock-North Little Rock-Conway, AR MSA",6.674071506,6.852999701,6.696708409,8.907285093,5.002776053,4.279696931,3.063225111,9.199245783,7.269880307,8.405720602,8.852459016,7.24211
"Logan, UT-ID MSA",6.943920088,7.103819396,7.060303416,8.124027066,5.888245112,3.447378239,5.507013611,9.383512428,7.082473059,7.981275228,9.460146402,8.02105
"Longview, TX MSA",7.722631993,7.811226886,8.027138898,9.346550353,5.974461441,10,3.938496307,7.894842963,7.631860169,8.416653593,9.071038251,8.27368
"Longview, WA MSA",5.905045036,5.821972144,4.26706568,9.1059442,4.811783854,10,2.075417833,8.012375999,4.754013671,7.950383031,1.420765027,2.16842
"Los Angeles-Long Beach-Anaheim, CA MSA",5.583321818,5.512085439,6.636637825,8.438101621,0.025625129,0.752799123,5.810438427,8.254726073,7.571573088,8.949468762,3.169398907,3.81053
"Louisville-Jefferson County, KY-IN MSA",6.673021419,6.552957566,7.279088561,8.129040417,3.102307932,1.964645222,5.472666265,9.059450711,8.647316034,8.886888151,6.435214797,7.51579
"Lubbock, TX MSA",7.491083646,7.565643452,5.477557236,9.346550353,5.80147999,10,4.149909259,8.118392291,7.771372972,8.354490711,9.071038251,8.4
"Lynchburg, VA MSA",7.58476539,7.66305766,8.282380177,9.33695463,7.087174955,3.249265533,7.590133001,8.732632128,7.329303506,8.233991952,9.12568306,8.42105
"Macon, GA MSA",7.529802477,7.623471988,8.456702701,9.277564522,4.44810961,4.210385594,7.028602591,9.345777591,7.465925716,8.924627652,9.453551913,8.61053
"Madera, CA MSA",5.438839733,5.330176454,6.124311169,7.263301175,2.89933626,0.752799123,6.51759968,8.835116853,4.462875158,7.946849761,3.169398907,4.14737
"Madison, WI MSA",6.793119643,6.953193781,7.15869128,9.322935376,3.989566757,3.005356753,6.187407258,7.389408723,9.436953739,8.984599004,7.103825137,5.66316
"Manchester-Nashua, NH MSA",8.099079077,8.087753861,8.970052912,9.211703042,7.049738048,8.169779666,9.306874327,5.941206471,9.58579161,9.035512987,5.519125683,5.62105
"Manhattan, KS MSA",7.453040556,7.308969997,8.301216705,9.736174832,6.105301279,5.662684156,4.1406263,8.119306385,8.15557017,8.182800968,7.37704918,8.67368
"Mankato-North Mankato, MN MSA",6.058402098,5.783158433,6.664247591,8.722338482,4.320254513,0.902792623,4.944521106,7.922133134,6.438925143,8.799879972,3.333333333,5.81053
"Mansfield, OH MSA",6.114466423,5.834736132,6.968787372,9.063444482,0,3.956253901,4.710617662,8.585131624,6.41310356,8.006543415,4.808743169,7.32632
"McAllen-Edinburg-Mission, TX MSA",6.996983358,6.980315094,5.320201152,9.346550353,6.126561844,10,4.386296397,7.63722108,4.209701391,6.725265374,9.071038251,9.22105
"Medford-Ashland, OR MSA",5.975705996,5.875402414,6.451476958,9.353172995,0.800004551,0,9.544848073,8.061857339,6.279411624,8.890582422,3.49726776,4.4
"Memphis, TN-MS-AR MSA",7.173124448,7.253816671,6.464825244,8.732886873,4.251208762,7.767763171,3.893107419,8.258606991,8.240191869,9.096898129,8.578861584,7.85263
"Merced, CA MSA",4.724671465,4.597294735,4.482788962,6.763950267,0.442940274,0.752799123,6.731860131,8.712687968,4.444721751,5.874505233,3.169398907,4.31579
"Miami-Fort Lauderdale-West Palm Beach, FL MSA",7.933154509,8.08640284,7.891963983,9.608384615,6.474220037,9.470305475,4.695046469,7.673656362,8.83969728,9.545116362,8.579234973,7.2
"Michigan City-La Porte, IN MSA",7.250226035,7.097846908,7.285718446,8.557002145,7.398975393,5.121969178,5.048694806,8.604331066,7.689906097,7.398068759,6.775956284,8.14737
"Midland, MI MSA",7.162694761,6.764918901,8.455885442,9.095481873,3.624389759,4.706921625,6.272767773,8.316741286,8.522813851,8.774514403,3.114754098,6.69474
"Midland, TX MSA",8.277960406,8.593455885,9.791622171,9.346550353,6.068073017,10,4.537327935,9.15591395,10,9.370577283,9.071038251,6.23158
"Milwaukee-Waukesha-West Allis, WI MSA",6.61585908,6.647278247,6.540722479,9.320792527,1.407200622,3.005356753,6.249311935,7.925474432,9.220634631,9.052185706,7.103825137,6.82105
"Minneapolis-St. Paul-Bloomington, MN-WI MSA",6.321123897,6.227190291,7.689345633,8.861401161,4.106826412,0.97921877,5.234952834,8.10851145,8.447827617,9.146241723,3.470387018,4.31579
"Missoula, MT MSA",7.219312102,6.982083328,7.519566364,9.607476344,2.997290382,3.926645343,9.367339603,7.470526747,8.056624678,8.702023664,5.191256831,7.32632
"Mobile, AL MSA",6.50615805,6.447192787,6.706503059,6.452286842,4.325723878,5.272931105,3.316000785,9.170988182,7.103589483,8.081083331,7.595628415,8.12632
"Modesto, CA MSA",5.223250102,5.10990846,4.106160913,9.354776384,0.464061108,0.752799123,6.538399191,9.050624136,5.438345805,7.11461057,3.169398907,4.18947
"Monroe, LA MSA",6.602501124,6.646153059,6.508636775,9.123289798,2.777930891,6.426378757,0.703899413,9.510214543,7.456297127,8.073757544,9.234972678,8.84211
"Monroe, MI MSA",6.724917121,6.313106172,7.746632471,9.036801905,3.212720118,4.706921625,6.262567678,8.117268284,7.105401005,7.514888369,3.114754098,6.82105
"Montgomery, AL MSA",6.707767839,6.609036493,5.536154303,6.452286842,3.801661423,5.268538534,4.404941904,9.891470854,7.925877475,8.604768687,7.595628415,8.48421
"Morgantown, WV MSA",6.188065753,6.062568038,6.719894634,6.980263254,2.526352054,3.853863166,4.801511036,8.838943779,6.60319457,8.610674549,5.628415301,6.75789
"Morristown, TN MSA",7.789507235,7.81036813,6.819614053,8.677341312,7.802476513,8.517521311,4.99268054,9.392733507,6.758882553,8.80747322,8.524590164,8.33684
"Mount Vernon-Anacortes, WA MSA",5.741437441,5.688773906,4.218852626,9.1059442,4.826995168,10,1.520306625,7.67463033,6.068460504,6.363010674,1.420765027,1.89474
"Muncie, IN MSA",7.024823139,6.837356293,4.240982496,8.556450902,7.433690532,5.105597546,5.025951454,9.260565122,6.838063296,8.298949005,6.775956284,8.46316
"Muskegon, MI MSA",6.526825991,6.129050131,6.284846693,9.095481873,4.571076375,4.36676772,6.240119491,8.143843821,5.525291555,7.81926955,3.114754098,6.69474
"Myrtle Beach-Conway-North Myrtle Beach, SC-NC MSA",7.068170929,7.187469175,7.497762844,8.246939195,5.05278706,4.714028171,6.015371086,7.332557116,7.363220576,8.464556524,10,8.92632
"Napa, CA MSA",6.074680823,6.089994152,7.365010994,9.078984241,2.89933626,0.752799123,5.968258638,7.24357784,8.906794102,9.425787259,3.169398907,3.03158
"Naples-Immokalee-Marco Island, FL MSA",8.61834966,8.80668571,10,9.608384615,7.507976943,9.470305475,5.420899516,8.673369866,10,10,8.579234973,6.88421
"Nashville-Davidson?õÉ?™É?ùMurfreesboro?õÉ?™É?ùFranklin, TN MSA",7.933665155,8.066806752,7.948091322,8.676537089,7.050182405,8.517521311,4.012856738,8.959652106,9.373229774,9.538599862,8.524590164,7.32632
"New Bern, NC MSA",6.901928189,7.043723479,5.615478323,8.386810978,6.030654983,3.555677145,6.031768302,9.469929785,7.726820118,6.794950909,9.781420765,8.50526
"New Haven-Milford, CT MSA",6.053099188,5.902484034,8.522095561,9.540421403,2.024522908,2.045072318,6.658381611,6.283821371,7.220572069,8.477742289,2.349726776,3.70526
"New Orleans-Metairie, LA MSA",6.967498559,7.048577394,7.172132124,9.123289798,2.067675593,6.426378757,2.266770471,9.124609074,8.874618264,9.146749788,9.234972678,8.50526
"New York-Newark-Jersey City, NY-NJ-PA MSA",5.751756177,5.176069318,6.761156249,9.04878994,0.520731216,0,6.077206146,6.283042147,9.395410855,8.458416406,0.0398709,5.22105
"Niles-Benton Harbor, MI MSA",6.68016895,6.273036365,6.747362816,9.095481873,3.623063721,4.706921625,6.272644954,7.564640647,7.062899072,8.269558475,3.114754098,6.77895
"North Port-Sarasota-Bradenton, FL MSA",8.058898661,8.22852126,8.588732732,9.608384615,6.951533075,9.470305475,4.819894569,8.072813482,8.858635871,9.107156549,8.579234973,7.05263
"Norwich-New London, CT MSA",6.40296025,6.13070767,8.475139426,9.543757639,3.324925865,2.045072318,6.658381611,6.642190338,7.583419669,8.553755388,2.349726776,4.8
"Ocala, FL MSA",7.95601537,8.074175981,8.335162238,9.608384615,7.200581494,9.470305475,5.142617191,9.011839956,6.175879597,9.14357829,8.579234973,7.51579
"Ocean City, NJ MSA",5.436348708,5.054998246,5.771016983,8.768392104,2.340703695,3.618965981,7.049476124,0,8.801815151,6.303084119,2.841530055,6.27368
"Odessa, TX MSA",7.204155305,7.517311602,6.241833591,9.346550353,5.818977307,10,3.198766743,7.790007378,8.104886602,8.083744197,9.071038251,6.25263
"Ogden-Clearfield, UT MSA",6.982429606,7.22252164,7.49336591,7.980353887,5.964007393,3.37898628,5.542524725,9.214472405,7.842670003,8.078117435,9.508196721,7.34737
"Oklahoma City, OK MSA",7.578599363,7.670083081,8.419418415,8.97726545,5.182175969,5.719633519,5.3989177,9.197532021,8.512667585,8.989257291,8.633879781,7.81053
"Olympia-Tumwater, WA MSA",6.420540526,6.370216173,7.793056115,9.1059442,4.829206377,10,1.802191157,7.849012838,5.937443568,8.594326272,1.420765027,1.87368
"Omaha-Council Bluffs, NE-IA MSA",6.972976121,7.137609472,7.162073272,9.377286817,5.232305111,4.100308882,6.161022828,7.904228537,8.381091504,8.627941822,7.292226473,5.81053
"Orlando-Kissimmee-Sanford, FL MSA",7.782602217,7.938189728,7.791530275,9.542689225,6.867167468,9.470305475,3.959589068,8.138775138,7.239345998,9.855069934,8.579234973,7.17895
"Oshkosh-Neenah, WI MSA",6.079051086,6.166610604,0,9.323579167,3.989566757,3.005356753,6.535611194,7.945916103,8.394135473,9.201504857,7.103825137,6.31579
"Owensboro, KY MSA",6.180549369,5.951526904,5.194935258,8.008178088,1.819608718,2.439676025,5.188473476,9.139105392,7.64031935,7.794648017,6.338797814,8.4
"Oxnard-Thousand Oaks-Ventura, CA MSA",5.905946027,5.830031286,7.053044364,8.863040268,0.970750146,0.752799123,6.847235419,8.401699056,7.909571594,8.502742695,3.169398907,3.85263
"Palm Bay-Melbourne-Titusville, FL MSA",7.996475846,8.161420083,8.689644407,9.608384615,7.028977156,9.470305475,4.782708688,8.749742714,7.491107422,9.052675297,8.579234973,7.09474
"Panama City, FL MSA",7.649646871,7.779503388,8.005505099,9.608384615,6.549655305,9.470305475,4.166274764,8.063059617,7.057574765,8.51553588,8.579234973,7.41053
"Parkersburg-Vienna, WV MSA",5.960697864,5.804790792,5.939580406,6.980263254,2.373348032,3.853863166,4.867811162,9.046357765,6.164538261,7.388939783,5.628415301,7.03158
"Pensacola-Ferry Pass-Brent, FL MSA",8.15340967,8.285605368,8.960302052,9.608384615,7.183799091,9.470305475,4.579810661,9.231222081,7.323250147,9.63413922,8.579234973,7.38947
"Peoria, IL MSA",6.812346317,6.436965241,8.854413008,9.386713972,2.087900688,4.709475865,5.93407985,7.527898615,7.771169439,8.218412782,3.442622951,6.82105
"Philadelphia-Camden-Wilmington, PA-NJ-DE-MD MSA",6.656987394,6.483799874,7.202809527,8.640427197,2.664377006,2.818030651,6.294497443,7.486034722,9.566196713,9.00893434,4.672891268,6.23158
"Phoenix-Mesa-Scottsdale, AZ MSA",6.842840443,7.303761416,7.496802617,9.00044651,5.035751628,6.565990702,4.061073133,8.759694837,6.019334127,9.341207274,9.453551913,5.30526
"Pine Bluff, AR MSA",6.231728535,6.396621642,6.103380941,8.907285093,4.849756537,4.279696931,2.816423555,9.156249778,4.973731043,7.630611884,8.852459016,7.36842
"Pittsburgh, PA MSA",6.912365112,6.660653867,7.067672521,8.636296104,2.820819213,3.706936941,5.934183898,8.095786994,9.269815299,9.332406619,5.081967213,7.34737
"Pittsfield, MA MSA",5.766101645,5.993027795,7.345599706,9.455295989,0,1.702135226,7.928289644,7.094699178,6.794079432,8.753762999,4.863387978,2.82105
"Pocatello, ID MSA",7.254009763,7.29910611,8.073528773,9.450873589,5.10658913,4.078989746,6.014754864,8.361329144,7.033547024,8.555949281,9.016393443,8.61053
"Portland-South Portland, ME MSA",6.64761419,6.642859133,7.346191953,9.197645625,4.984256784,3.772287756,5.424051762,6.67352995,8.110455109,8.867477193,5.409836066,5.45263
"Portland-Vancouver-Hillsboro, OR-WA MSA",5.889136388,5.904557996,6.322908424,9.304226773,1.165174655,1.596125569,8.096603482,7.326592714,7.409150914,8.834076542,3.086162887,2.94737
"Port St. Lucie, FL MSA",8.166523971,8.324450664,8.969981333,9.608384615,7.180250043,9.470305475,5.258843566,8.09487118,8.631949719,9.126235072,8.579234973,7.15789
"Prescott, AZ MSA",6.709929568,7.170850541,8.017528016,9.008138735,5.588137261,6.565990702,3.711752519,8.713013549,4.921685732,8.557856439,9.453551913,5.30526
"Providence-Warwick-Pawtucket, RI MSA",6.028910347,5.914226552,6.989176867,9.135330901,0.514851834,4.373314486,6.035083947,7.04699263,7.477133284,8.814624967,2.841530055,3.87368
"Provo-Orem, UT MSA",6.902427286,7.128484232,7.070889191,7.980353887,5.964007393,3.37898628,5.245075672,9.204620445,7.364867485,8.439361015,9.508196721,7.47368
"Pueblo, CO MSA",7.349055753,7.354398801,10,9.277919599,4.38990081,4.625387801,8.317962087,10,4.976471047,8.153860435,6.448087432,6.4
"Punta Gorda, FL MSA",7.934464355,8.078355961,8.749264535,9.608384615,7.514050314,9.470305475,4.590064642,7.881474526,7.011107505,9.301317061,8.579234973,7.28421
"Racine, WI MSA",7.037623398,6.961440226,7.64116152,9.323538333,3.989566757,3.005356753,6.577621531,7.954293179,8.565701203,8.491897624,7.103825137,7.78947
"Raleigh, NC MSA",7.428692852,7.678090481,8.172551072,8.839843524,6.030208516,3.555677145,5.863340834,8.738459733,9.127779404,8.993533338,9.781420765,7.53684
"Rapid City, SD MSA",4.183501881,4.436836493,0,9.127241751,6.23002756,9.840551163,0,0,5.990538559,0,8.743169399,6.46316
"Reading, PA MSA",6.6026585,6.376678248,6.480143696,8.636296104,3.079337268,3.673406238,6.257143257,7.017296805,8.612389459,8.552124197,5.081967213,7.11579
"Redding, CA MSA",5.472303427,5.354283423,5.37270804,7.187566452,2.89933626,0.752799123,6.701790331,8.696214149,5.888332987,7.520404559,3.169398907,4.23158
"Reno, NV MSA",8.003772787,7.718916749,10,8.960035938,4.225186318,10,2.947820555,10,8.822913071,9.814841309,4.699453552,7.26316
"Richmond, VA MSA",7.780250442,7.970823414,8.469494473,9.286636857,6.866423866,3.249265533,7.868844513,8.647332287,9.285066751,8.938663384,9.12568306,7.41053
"Riverside-San Bernardino-Ontario, CA MSA",5.031351569,4.925027471,4.078249415,7.407779167,1.847098426,0.752799123,6.001591787,8.160554366,4.770108294,8.137667751,3.169398907,4.12632
"Roanoke, VA MSA",7.350119582,7.49624811,7.524676564,9.107575934,6.162589956,3.249265533,7.456149633,8.104636087,8.254470751,8.481185468,9.12568306,7.81053
"Rochester, MN MSA",6.080638244,5.9153361,7.101490007,8.338736948,4.337009162,0.902792623,4.869294639,7.959623672,7.591423209,8.804321303,3.333333333,4.82105
"Rochester, NY MSA",5.934901674,5.359463078,6.53811338,8.78565143,4.533779086,1.309393521,4.848947071,7.273307634,7.072205193,7.873770387,0,5.17895
"Rockford, IL MSA",6.669767558,6.301404026,8.090638469,9.386713972,2.167928311,4.709475865,5.927742526,7.222988111,7.089077644,8.675448388,3.442622951,6.75789
"Rocky Mount, NC MSA",6.805973293,6.94309022,6.620230274,8.780241473,5.527100478,3.555677145,5.90664779,8.942364023,7.184928029,6.189202006,9.781420765,8.54737
"Rome, GA MSA",7.186803557,7.299186518,7.360160187,9.277564522,5.906362054,4.210385594,5.815780315,8.423177622,6.99721147,8.248484988,9.453551913,8.44211
"Sacramento--Roseville--Arden-Arcadee, CA MSA",5.720207737,5.670023989,6.562126041,8.067189423,1.459723394,0.752799123,6.368728482,8.487621072,7.323105932,8.83952353,3.169398907,3.62105
"Saginaw, MI MSA",6.584060507,6.169910378,5.96513543,9.095481873,3.99846386,4.284584801,6.185787554,8.634447522,5.549875339,8.700662925,3.114754098,6.84211
"St. Cloud, MN MSA",5.921018609,5.732324652,7.532243491,7.058469566,4.309935769,0.902792623,5.065298649,7.989625895,6.480111429,8.919111111,3.333333333,5.03158
"St. George, UT MSA",6.76091202,6.958898791,6.643792878,7.980353887,5.964007393,3.37898628,4.827688534,8.706043697,7.131282033,8.489737693,9.508196721,7.72632
"St. Joseph, MO-KS MSA",6.988983517,6.939631581,7.379388426,9.439618808,4.642317781,4.765078824,5.527865483,8.661786394,6.823613896,8.250655722,6.966358898,7.41053
"St. Louis, MO-IL MSA",7.568052799,7.469524008,9.529775891,9.412213708,3.528347684,4.39443107,6.900477819,9.729677548,8.719586755,8.929543661,6.081661938,6.96842
"Salem, OR MSA",5.704157605,5.622567473,5.585614488,9.353172995,0.786834018,0,9.747448366,8.137162442,5.500175753,7.995431439,3.49726776,4.23158
"Salinas, CA MSA",5.632403896,5.535436524,5.290041483,8.269889846,2.89933626,0.752799123,5.684563431,8.380044086,7.368669894,8.004185682,3.169398907,4.04211
"Salisbury, MD-DE MSA",6.646767829,6.531437573,6.178535551,8.088386077,5.814260271,2.441338477,8.083454137,6.684984157,7.628103071,8.101848718,5.762027698,6.8
"Salt Lake City, UT MSA",6.8586694,7.229755585,6.908321912,7.980353887,5.870953055,3.37898628,4.926386868,8.87969396,8.710968429,8.903939153,9.508196721,6.16842
"San Angelo, TX MSA",8.001470534,8.09474379,8.896603083,9.346550353,5.903654292,10,4.20594326,8.400169364,8.261419662,8.767315849,9.071038251,8.23158
"San Antonio-New Braunfels, TX MSA",7.649969411,7.801722199,7.293328079,9.346550353,5.623243291,10,4.234812342,7.651325668,8.416771292,8.578430512,9.071038251,7.70526
"San Diego-Carlsbad, CA MSA",5.796003702,5.759855042,7.313769339,8.649226426,0.795632649,0.752799123,6.178838928,8.34811176,7.393655875,9.237262374,3.169398907,3.49474
"San Francisco-Oakland-Fremont, CA MSA",5.826590853,6.007986054,7.66133868,8.485815934,0.636344691,0.752799123,6.207837566,8.254960152,9.614110364,9.289269066,3.169398907,1.53684
"San Jose-Sunnyvale-Santa Clara, CA MSA",6.197425748,6.369464223,8.257364056,9.139408347,2.126360445,0.752799123,6.348761964,8.3216014,9.765425112,9.444058652,3.169398907,1.62105
"San Luis Obispo-Paso Robles-Arroyo Grande, CA MSA",5.836083907,5.760169165,7.848969794,8.605055782,1.074564592,0.752799123,6.265800712,7.416507857,7.491866264,9.216559456,3.169398907,3.85263
"Santa Cruz-Watsonville, CA MSA",6.118485294,6.075319091,7.386879852,8.700062578,2.89933626,0.752799123,6.319670228,8.542739199,8.371517386,8.535468283,3.169398907,3.55789
"Santa Fe, NM MSA",6.087919949,6.263269068,5.652114349,9.023332032,0.435480961,6.074660495,3.038393033,9.102228213,6.969335665,8.095734789,7.978142077,6.4
"Santa Maria-Santa Barbara, CA MSA",5.424069772,5.362190119,5.672554976,8.643757381,0.723215074,0.752799123,6.275345443,7.921050619,7.925853799,7.175735745,3.169398907,3.72632
"Santa Rosa, CA MSA",5.703524687,5.718838016,7.047004045,8.651296153,0.892884002,0.752799123,6.2044885,8.016965423,7.947262829,8.787443165,3.169398907,3.03158
"Savannah, GA MSA",7.211761326,7.326483468,6.831071954,9.277564522,5.026155168,4.210385594,5.57911534,8.221771039,8.335749391,9.002986294,9.453551913,8.42105
"Scranton--Wilkes-Barre--Hazleton, PA MSA",6.823717239,6.553292544,7.200357902,8.636296104,3.114417309,3.562392436,6.25394685,7.722589219,8.110647138,9.297018723,5.081967213,7.51579
"Seattle-Tacoma-Bellevue, WA MSA",6.535706967,6.600002497,8.016994369,9.1059442,4.472141867,10,1.279989557,8.09135589,7.953997566,9.058833992,1.420765027,0.84211
"Sebastian-Vero Beach, FL MSA",8.59577138,8.742002166,9.914635513,9.608384615,7.269397423,9.470305475,5.101340444,8.886249031,10,9.848472022,8.579234973,7.26316
"Sebring, FL MSA",7.709876568,7.818680454,8.123166947,9.608384615,7.308572453,9.470305475,4.507079715,8.834202696,5.360372217,8.576804991,8.579234973,7.6
"Sheboygan, WI MSA",6.52007388,6.493013515,3.476213554,9.323579167,3.989566757,3.005356753,6.486414833,8.051893567,8.925767529,8.074504342,7.103825137,7.34737
"Sherman-Denison, TX MSA",7.774540473,7.879509635,8.064918433,9.346550353,6.101173443,10,4.627366454,7.743908157,7.807562378,8.15306925,9.071038251,8.12632
"Shreveport-Bossier City, LA MSA",6.667003167,6.712994283,6.834108285,9.123289798,2.054696204,6.426378757,1.828004744,8.702360181,8.111779609,8.101358289,9.234972678,8.82105
"Sierra Vista-Douglas, AZ MSA",6.606962796,7.067883769,7.566279077,9.008138735,5.695046246,6.565990702,4.6810433,8.701086241,4.841837714,7.09797999,9.453551913,5.30526
"Sioux City, IA-NE-SD MSA",6.701830669,6.832334795,6.208811594,8.884370664,5.27354728,4.299271894,5.20613591,7.584247023,8.412666419,7.815846287,7.806116081,6.63158
"Sioux Falls, SD MSA",7.727225245,8.053074477,9.152242094,9.127241751,5.496482469,9.840551163,3.622508324,8.45435287,8.728816943,9.312305279,8.743169399,5.81053
"South Bend-Mishawaka, IN-MI MSA",7.276348223,7.133707676,7.711485472,8.643168973,6.809810926,4.004828238,5.238770561,8.692286792,8.140439607,8.772659229,6.189919283,7.47368
"Spartanburg, SC MSA",6.703017595,6.955649174,3.924009029,8.042998774,4.63062994,5.169271117,7.453873783,8.40335629,7.735306579,7.241397053,10,7.72632
"Spokane-Spokane Valley, WA MSA",6.2763313,6.190919227,7.254416822,9.1059442,4.407608124,10,1.668530771,8.246355789,4.917153818,8.697498492,1.420765027,2.18947
"Springfield, IL MSA",6.477690968,6.114005799,6.017364802,9.386713972,1.915526607,4.709475865,5.772204692,7.534236907,7.675089484,8.572816907,3.442622951,6.71579
"Springfield, MA MSA",6.066677404,6.32401291,6.637421796,9.455295989,4.000827174,1.702135226,8.036457067,7.726133152,6.180676772,8.313781039,4.863387978,2.54737
"Springfield, MO MSA",7.203643501,7.099888668,7.407141024,9.42050635,4.241802204,4.692722924,5.998934717,9.24743692,7.225320374,8.725242785,6.93989071,7.87368
"Springfield, OH MSA",6.288719633,6.032381155,7.535165153,9.07280935,0,4.803368536,4.699651434,8.8945474,6.683020976,7.794124373,4.808743169,7.11579
"State College, PA MSA",7.108617163,6.856905918,8.237553642,8.636296104,3.507468657,3.47906757,6.251953488,8.224253141,8.293593445,10,5.081967213,7.34737
"Staunton-Waynesboro, VA MSA",7.66488399,7.806334154,8.533157326,9.344325324,7.087174955,3.249265533,7.652502435,9.052307739,7.939424016,8.273167002,9.12568306,7.85263
"Stockton-Lodi, CA MSA",5.131394727,5.02740981,5.876569857,7.352358442,0.5589401,0.752799123,5.930172752,8.304014335,5.54530676,7.757128015,3.169398907,4.10526
"Sumter, SC MSA",7.222715002,7.367744242,7.758504919,8.042998774,4.670980764,5.169271117,6.446953405,8.742794495,7.163295334,8.314899367,10,8.69474
"Syracuse, NY MSA",5.940974446,5.335126493,6.203642875,8.884854459,4.533779086,1.309393521,5.01621667,7.340955772,6.835045867,7.892250184,0,5.45263
"Tallahassee, FL MSA",7.443675797,7.587567402,6.377312182,9.608384615,4.73525199,9.470305475,4.249837721,8.963081252,6.97764745,9.327050962,8.579234973,7.28421
"Tampa-St. Petersburg-Clearwater, FL MSA",8.029574709,8.192179764,8.486710977,9.608384615,7.043377079,9.470305475,4.579255582,8.545926291,7.72668553,9.689737355,8.579234973,7.11579
"Terre Haute, IN MSA",7.196086708,7.013298225,6.910475517,8.557002145,7.421595645,4.452376462,5.113906507,8.72035196,7.018859973,8.149159532,6.775956284,8.42105
"Texarkana, TX-AR MSA",7.128243215,7.233472666,7.187858381,9.182025408,5.470512896,7.857484687,3.822509508,8.338613296,6.636068325,7.617011167,8.989170324,8.04211
"The Villages, FL MSA",8.462706039,8.5621532,10,9.608384615,7.646352677,9.470305475,4.967202016,8.982580017,7.805319029,10,8.579234973,7.68421
"Toledo, OH MSA",6.240507326,5.970133761,7.111868753,9.069055509,0,3.49343898,4.675752333,8.270101212,7.533827226,8.768416663,4.808743169,7.24211
"Topeka, KS MSA",7.07168391,7.081999316,6.911383646,9.736174832,6.105301279,5.676012562,4.587527331,8.010951798,8.162081888,7.171511328,7.37704918,7.28421
"Trenton, NJ MSA",6.612714385,6.413820063,8.213051281,9.145323331,2.340703695,3.618965981,7.122786403,6.069934569,9.410651151,8.961434102,2.841530055,4.63158
"Tucson, AZ MSA",6.816909748,7.277830721,8.090925177,9.008138735,5.066980463,6.565990702,4.507009797,8.422309435,5.539945493,8.845624772,9.453551913,5.30526
"Tulsa, OK MSA",7.636266093,7.723071449,8.703812686,8.97726545,5.020191125,5.719633519,5.413013692,9.295711822,9.039282953,8.704852012,8.633879781,7.85263
"Tuscaloosa, AL MSA",6.459249393,6.36519641,5.050332418,6.452286842,3.9322908,5.272931105,5.134764692,9.563913256,7.116675246,7.167944913,7.595628415,8.44211
"Tyler, TX MSA",8.249855118,8.305701473,9.339023314,9.346550353,6.043033325,10,4.41840292,8.786191983,9.157982508,8.589090604,9.071038251,8.56842
"Urban Honolulu, HI MSA",6.119629437,5.52547739,7.440414684,9.685495839,3.694324035,3.036860295,0.240780067,8.767342356,8.178352169,8.685727067,0,5.34737
"Utica-Rome, NY MSA",5.783028177,5.142092504,6.190991987,8.812381924,4.533779086,1.309393521,4.765702298,7.428093685,5.909755121,7.328734915,0,5.76842
"Valdosta, GA MSA",6.998200222,7.061460376,5.539469837,9.277564522,5.906362054,4.210385594,6.162081077,8.82091538,6.625124308,7.557688697,9.453551913,8.88421
"Vallejo-Fairfield, CA MSA",5.818316724,5.763454615,7.076148414,8.560739164,2.89933626,0.752799123,6.314131137,8.242413199,6.5588913,8.297234027,3.169398907,3.66316
"Victoria, TX MSA",7.445566555,7.552874898,6.518391506,9.346550353,6.20270657,10,3.979931873,7.592114862,8.286006195,6.979134474,9.071038251,8.10526
"Vineland-Bridgeton, NJ MSA",5.915117398,5.501018399,5.271273489,8.700996096,2.340703695,3.618965981,7.118349666,6.492321316,6.252740431,6.87228486,2.841530055,6.56842
"Virginia Beach-Norfolk-Newport News, VA-NC MSA",7.354490092,7.485842648,7.284532619,9.292466163,6.0975004,3.255987177,7.207084333,8.163199275,8.686234645,8.245511476,9.140067748,7.95789
"Visalia-Porterville, CA MSA",4.696658761,4.550568581,3.006875089,6.707580785,1.076335038,0.752799123,6.129726797,8.99287375,4.878543268,6.240984473,3.169398907,4.48421
"Waco, TX MSA",7.670908171,7.794590784,7.614435956,9.346550353,6.138053614,10,4.120914116,7.682898694,7.567254248,8.610171822,9.071038251,7.95789
"Walla Walla, WA MSA",6.189456229,6.136792694,7.166621253,9.1059442,4.815355187,10,1.584674961,7.861833872,5.017824739,8.258115007,1.420765027,1.89474
"Warner Robins, GA MSA",7.477140076,7.589523037,8.442907351,9.277564522,5.906362054,4.210385594,5.90205626,9.187416325,7.642002247,8.283461065,9.453551913,8.44211
"Washington-Arlington-Alexandria, DC-VA-MD-WV MSA",6.570022761,6.952040069,7.460624358,8.987926791,5.668392635,1.525642361,6.946016919,7.538911549,8.222085393,8.759552208,7.459208404,4.02105
"Waterloo-Cedar Falls, IA MSA",6.572986331,6.638892444,6.237163461,8.736489826,4.549956889,3.684542084,5.256871124,7.489971759,8.102095965,7.87873324,7.81420765,7.22105
"Watertown-Fort Drum, NY MSA",5.904004757,5.25605154,6.346192952,8.997454446,4.533779086,1.309393521,4.151565634,7.995354987,6.47045963,7.500263608,0,5.83158
"Wausau, WI MSA",6.613205665,6.691408458,5.530390893,9.323579167,3.989566757,3.005356753,6.211181838,7.995709415,8.662175012,8.400891146,7.103825137,6.4
"Weirton-Steubenville, WV-OH MSA",5.668966537,5.436184359,3.853266341,8.155358356,0.808953587,4.538870044,4.76402939,8.526194427,6.307357732,6.803511062,5.168118293,7.26316
"Wenatchee, WA MSA",5.949053576,5.854284777,4.835562768,9.1059442,4.826206823,10,1.30097104,7.958225618,5.71353897,7.527348551,1.420765027,2.27368
"Wheeling, WV-OH MSA",6.095377045,5.888629171,6.950665068,7.987153265,0.820476433,4.997688509,4.188547371,7.876454348,7.473979697,7.468691871,5.234005981,7.09474
"Wichita, KS MSA",7.37481513,7.364077905,7.762901319,9.736174832,5.307533331,5.675744746,5.112460581,8.664890269,8.729796044,7.910150841,7.37704918,7.47368
"Wichita Falls, TX MSA",7.933851028,7.992036564,8.158814412,9.346550353,5.966155657,10,4.611096463,8.421265779,7.847392305,8.506015857,9.071038251,8.54737
"Williamsport, PA MSA",6.736456782,6.435622729,6.80709095,8.636296104,2.874074528,3.32373784,6.3006205,8.013312666,7.81132284,9.072181922,5.081967213,7.78947
"Wilmington, NC MSA",6.556482604,6.714652163,3.738231238,8.708614022,6.030654983,3.555677145,5.154703083,8.21187156,7.904903602,7.34579307,9.781420765,8.35789
"Winchester, VA-WV MSA",7.246985201,7.406812017,7.813508848,8.933768455,6.38683537,3.351696079,6.836041105,8.407526239,8.306422244,8.092331627,8.533178183,7.09474
"Winston-Salem, NC MSA",7.313091314,7.499331048,8.351022886,8.724513513,5.897509872,3.555677145,5.887352506,8.952502669,8.075537177,8.268442898,9.781420765,8.10526
"Worcester, MA-CT MSA",6.300919468,6.551832257,7.777337293,9.465317696,4.673485098,1.744487804,7.880401854,7.613936088,6.737556837,8.521015699,4.552951941,2.29474
"Yakima, WA MSA",6.270470701,6.175701903,6.954744399,9.1059442,4.826406355,10,1.904626152,8.755011419,4.438266033,8.175553544,1.420765027,2.27368
"York-Hanover, PA MSA",6.945537852,6.70084415,7.381695238,8.636296104,3.51331644,4.001720323,6.277993194,7.386435429,8.668652106,9.359521305,5.081967213,7.28421
"Youngstown-Warren-Boardman, OH-PA MSA",6.431378149,6.125148898,7.433517035,8.982913882,0.277981019,4.813882873,5.064128381,8.533659606,7.08729496,8.067972949,4.86498938,7.62105
"Yuba City, CA MSA",5.298112515,5.201145143,5.303555518,7.282880367,2.89933626,0.752799123,6.79328041,8.705578962,5.250150502,6.653326234,3.169398907,4.04211
"Yuma, AZ MSA",6.271486669,6.732407642,7.282304782,9.008138735,5.709671653,6.565990702,3.999570075,7.562423715,3.527856891,7.482160309,9.453551913,5.30526
